{
    "informasiObat":[
        {
            "gambar" : "https://i.pinimg.com/564x/97/00/b7/9700b7cb43f8e17fd4c0e973bbb36821.jpg",
            "title" : "OBAT NUROFEN",
            "deskripsi" : "Diserap dua kali lebih cepat dari tablet ibuprofen standar - Mulai bekerja dalam 8 menit* - Meredakan nyeri hingga 8 jam, dengan dosis 400 mg - Cocok untuk orang dewasa, lansia, dan anak-anak di atas 12 tahun - Cocok untuk sakit kepala, sakit punggung, nyeri otot, nyeri haid, nyeri gigi, demam, migrain, dan nyeri rematik. Lihat produk untuk informasi lebih lanjut. Nurofen Express diserap dua kali lebih cepat dari ibuprofen standar. Selama lebih dari 30 tahun, Nurofen telah membantu meredakan nyeri bagi jutaan orang. Kami berpengalaman dalam meredakan nyeri, dan kami hadir untuk membantu. Nurofen mengandung Ibuprofen, yang memiliki sifat antiradang yang membantu meredakan gejala nyeri sedang. Kaplet Nurofen Express 684 mg tidak perlu dikonsumsi bersama makanan. *mengacu pada penyerapan \n \n  Dosis: Hanya untuk pemberian oral dan penggunaan jangka pendek. Orang dewasa, lansia, anak-anak & remaja berusia antara 12 dan 18 tahun: Telan 1 kaplet dengan air, hingga tiga kali sehari sesuai kebutuhan. Beri jarak setidaknya 4 jam di antara dosis. Jangan minum lebih dari 3 kaplet dalam 24 jam. Jangan berikan kepada anak-anak di bawah usia 12 tahun. Anak-anak dan remaja berusia antara 12 dan 18 tahun: Jika produk diperlukan selama lebih dari 3 hari, atau jika gejala memburuk, konsultasikan dengan dokter. Orang dewasa: Jika produk diperlukan selama lebih dari 10 hari, atau jika gejala memburuk, konsultasikan dengan dokter. Baca brosur terlampir dengan saksama sebelum digunakan."
        },
        {
            "gambar":"https://i.pinimg.com/564x/c5/0a/f6/c50af693b6972884032e07bbffd17355.jpg",
            "title" : "OBAT PARECETAMOL",
            "deskripsi" : "Paracetamol atau acetaminophen adalah obat yang berfungsi untuk meredakan demam dan nyeri, termasuk untuk mengobati nyeri haid hingga sakit gigi yang tersedia dalam bentuk tablet, sirup, tetes, suppositoria dan infus,Meskipun mekanisme kerja paracetamol belum diketahui secara pasti, obat ini diketahui dapat menurunkan suhu tubuh seseorang yang mengalami demam dengan bekerja pada pusat pengaturan suhu yang ada pada otak. Paracetamol juga dapat meredakan nyeri dengan cara menghambat pembentukan prostaglandin.  Paracetamol merupakan golongan obat bebas dengan kategori obat penurun panas dan pereda nyeri (analgesic dan antipiretik) yang dapat digunakan oleh dewasa dan anak-anak. Untuk ibu hamil, paracetamol hanya boleh digunakan apabila besarnya manfaat yang didapat lebih besar dari risiko terhadap janin. Paracetamol dapat terserap ke dalam ASI, sehingga sangat disarankan untuk ibu yang sedang menyusui agar berkonsultasi terlebih dahulu dengan dokter. \n \n Pada umumnya paracetamol jarang menimbulkan efek samping bila dikonsumsi mengikuti anjuran dan petunjuk dokter. Akan tetapi bila dikonsumsi secara berlebihan, dapat menimbulkan efek samping seperti mual atau muntah, sakit kepala, sulit tidur, sakit pada perut bagian atas, warna urin menjadi gelap, merasa sangat lelah hingga penyakit kuning. Segera lakukan pemeriksaan bila efek samping yang terjadi tidak kunjung mereda."
        },
        {
            "gambar":"https://i.pinimg.com/564x/20/5c/48/205c48ead79d3ed8f58c1a0dc1ccce26.jpg",
            "title" : "OBAT VOLTAREN",
            "deskripsi" : "Voltaren adalah obat yang bermanfaat untuk meredakan nyeri dan peradangan, seperti pada kondisi asam urat, osteoarthritis, rheumatoid arthritis, atau ankylosing spondylitis. Obat ini mengandung bahan aktif diclofenac sodium.\n \n Kandungan diclofenac di dalam Voltaren bekerja dengan cara menghambat produksi prostaglandin, yaitu zat pemicu terjadinya peradangan saat tubuh mengalami cedera. Dengan terhambatnya prostaglandin, keluhan nyeri atau bengkak akibat peradangan dapat mereda \n\n Berikut ini adalah beberapa efek samping yang bisa muncul setelah menggunakan Voltaren: Sakit perut, kembung, mual, atau muntah,Diare atau sembelit,Kantuk, pusing, atau sakit kepala,Gatal-gatal,Hidung tersumbat,Berkeringat lebih banyak,Tekanan darah meningkat,Nyeri atau bengkak di tangan atau kaki"
        },
        {
            "gambar":"https://i.pinimg.com/564x/48/c9/99/48c999875d6fab5970513a9a71edcf2c.jpg",
            "title" : "OBAT RANIGAST",
            "deskripsi" : "Keterangan \n Obat ini digunakan untuk pengobatan gejala penyakit lambung yang tidak berhubungan dengan penyakit organik pada saluran pencernaan. \n\n Pengobatan dengan ranitidine dapat menutupi gejala kanker.Kehamilan dan menyusui: mintalah saran dokter Anda sebelum minum obat ini.Mengemudi dan menggunakan mesin: Tidak ada informasi mengenai kontraindikasi mengemudi atau mengoperasikan mesin saat mengonsumsi ranitidine. Namun, efek samping telah diamati pada beberapa pasien, seperti pusing, sakit kepala, atau penglihatan kabur, yang dapat menurunkan kinerja psikofisik.Jauhkan obat dari jangkauan dan pandangan anak-anak."
        },
        {
            "gambar":"https://i.pinimg.com/564x/62/c1/f2/62c1f2a3c6db32bd391ebd470c5962e6.jpg",
            "title" : "OBAT GAVISCON",
            "deskripsi" : "Tentang\nGaviscon dapat digunakan untuk mengobati sakit maag (refluks asam) dan gangguan pencernaan .Obat ini bekerja dengan membentuk lapisan pelindung yang mengapung di atas isi lambung Anda. Hal ini menghentikan asam lambung naik ke kerongkongan Anda. Gaviscon juga mengandung antasida yang menetralkan asam lambung berlebih dan mengurangi rasa sakit dan ketidaknyamanan.Gaviscon tersedia dalam bentuk tablet kunyah, atau cairan yang diminum (dalam botol atau sachet). Gaviscon juga tersedia dalam bentuk bubuk untuk bayi dan anak di bawah usia 2 tahun.Anda dapat membeli Gaviscon di apotek dan supermarket. Beberapa jenis Gaviscon tersedia dengan resep dokter\n\nKapan Harus Mengomsumsi Gaviscon\nJika Anda sesekali mengalami sakit maag ringan atau gangguan pencernaan, minumlah Gaviscon hanya ketika Anda membutuhkannya.Jika Anda sering mengalami sakit maag atau gangguan pencernaan, minumlah Gaviscon secara teratur setelah makan dan sebelum tidur, hingga 4 kali sehari, baik Anda mengalami gejala atau tidak.Jika Anda telah mengonsumsi Gaviscon selama lebih dari 7 hari dan masih merasa tidak nyaman atau nyeri, bicarakan dengan dokter Anda."
        },
        {
            "gambar":"https://i.pinimg.com/564x/3b/a1/f4/3ba1f47bae58c579f9f02232b7afd25a.jpg",
            "title" : "OBAT BISOLVON",  
            "deskripsi" : "Keterangan : \n Bisolvon® Extra merupakan sirup obat batuk yang mengandung dua kombinasi utama yaitu Bromhexine dan Guaiaphenesine yang dapat menjauhkan batuk dengan segera. Bromhexine bekerja mengencerkan dahak, sedangkan Guaiaphenesine bekerja meningkatkan aliran di sepanjang saluran pernapasan. Dua aksi ini akan bekerja saling melengkapi untuk meredakan batuk berdahak sekaligus mempermudah pengeluarannya. \n\n Efek samping : \n Bisolvon® Extra umumnya dapat diterima dengan baik tanpa efek samping. Adapun efek samping yang mungkin akan muncul adalah Alergi berupa ruam kulit, Sakit kepala dan vertigo,Gangguan saluran cerna"
        },
        {
            "gambar":"https://d2qjkwm11akmwu.cloudfront.net/products/638089_30-6-2019_22-35-32-1665801908.webp",
            "title" : "OBAT DIAPET",
            "deskripsi" : "Keterangan : \n Diapet 10 Kapsul mengandung kombinasi bahan herbal yang dipercaya bermanfaat meredakan diare, mengurangi frekuensi buang air besar, memadatkan feses yang cair, dan meredakan rasa mulas akibat diare. \n\n Efek Samping :\n Efek samping di bawah ini biasanya bersifat ringan. Namun, periksakan ke dokter jika efek samping berikut ini tidak kunjung sembuh: Pusing,Mual,Sakit perut,Perut kembung,Sembelit"
        },
        {
            "gambar":"https://d3bbrrd0qs69m4.cloudfront.net/images/product/apotek_online_k24klik_20220803090741359225_foto-produk-ORLISTAT.png",
            "title" : "OBAT ORLISTAT",
            "deskripsi" : "Keterangan :\n Orlistat adalah obat yang digunakan untuk menurunkan berat badan pada orang yang mengalami kelebihan berat badan atau obesitas. Obat ini juga bisa menurunkan risiko naiknya berat badan kembali.Orlistat bekerja dengan cara menghambat enzim pemecah lemak, sehingga lemak tidak dapat dicerna dan diserap oleh tubuh. Dengan begitu, lemak yang dikonsumsi akan dibuang dan berat badan diharapkan akan berkurang.\n\n Efek Samping :\n Beberapa efek samping yang bisa timbul setelah mengonsumsi orlistat adalah: Diare,Tinja berlemak atau berminyak,Keluar bercak minyak saat buang angin,Muncul bercak minyak di pakaian dalam,Terlihat minyak berwarna oranye atau coklat bersama tinja,Meningkatnya frekuensi buang air besar,Sakit perut, mual, atau nyeri di dubur"
        },
        {
            "gambar":"https://res.cloudinary.com/dk0z4ums3/image/upload/v1727146858/attached_image/obat-batuk-tablet-yang-ampuh-3-alodokter.jpg",
            "title" : "OBAT BROCHIFAR",
            "deskripsi" : "Tentang :\nPenyakit flu dan batuk bisa menyerang kapan saja. Karena itulah, menjaga daya tahan tubuh saat ini sangat penting.Namun, saat batuk dan flu telanjur menyerang, Anda bisa mengonsumsi obat flu yang banyak dijual di pasaran. Salah satunya Brochifar.Brochifar adalah obat yang digunakan untuk mengobati gejala flu, misalnya sakit kepala, demam, hidung tersumbat, batuk, dan bersin-bersin. Obat Brochifar mengandung paracetamol, phenylpropanolamine, guaifenesin, chlorpheniramine maleate, dan dextromethorphan.\n\nEfek Samping :\nEfek samping penggunaan Brochifar yang mungkin terjadi adalah:\nmengantuk\ngangguan pencernaan (mual, muntah, diare, dan sembelit)\ngangguan psikomotor\ntakikardia (denyut jantung lebih tinggi dari nilai normal)\naritmia (gangguan irama jantung)\npalpitasi (jantung berdebar)\nkerusakan hati (penggunaan dosis bersar dan jangka lama)"
        },
        {
            "gambar":"https://d1vbn70lmn1nqe.cloudfront.net/prod/wp-content/uploads/2024/04/02023717/Methylprednisolone-8-mg-10-Tablet.jpg", 
            "title" : "OBAT METHYLPREDNISOLONE",
            "deskripsi" : "Tentang : \n Metilprednisolon atau methylprednisolone adalah obat yang bekerja dengan mengurangi respons sistem kekebalan tubuh terhadap berbagai rangsangan. Di antaranya peradangan, alergi, atau reaksi autoimunMethylprednisolone apakah termasuk obat keras? Jawabannya, ya. Karena itu, obat ini hanya dapat diperoleh dengan resep dari dokter. Penggunaannya dan dosisnya juga ditentukan langsung oleh dokter sesuai dengan kondisi medis. \n\n Manfaat Metilprednisolon : \n 1. Meredakan Peradangan \n 2. Mengendalikan Alergi \n 3. Mengurangi Gejala Penyakit Pernapasan \n 4. Mengatasi Gangguan Kulit \n5. Mengurangi Pembengkakan Otak\n\nEfek Samping :\n Sakit kepala\nMual dan muntah.\nPenambahan berat badan.Ruam kulit.\nGatal-gatal.\nPembengkakan pada wajah, bibir, atau lidah.\nPerubahan emosi dan suasana hati."
        },
        {
            "gambar":"https://d3bbrrd0qs69m4.cloudfront.net/images/product/apotek_online_k24klik_20230321033237359225_OMEPRAZOLE.png", 
            "title" : "OBAT OMEPRAZOLE",
            "deskripsi" : "Keterangan : \n Omeprazole adalah obat untuk mengatasi asam lambung berlebih dan keluhan yang menyertainya. Omeprazole umumnya digunakan untuk mengobati gastroesophageal reflux disease (GERD), sakit maag (gastritis), atau tukak lambung.  \n\n Efek Samping :\n Efek samping di bawah ini biasanya bersifat ringan. Namun, periksakan ke dokter jika efek samping berikut ini tidak kunjung sembuh: \nSakit kepala \nSakit perut atau perut kembung \nMual atau muntah\nDiare\nSembelit\nGejala flu, seperti demam, sakit tenggorokan, atau pilek (biasanya pada anak)"
        },
        {
            "gambar":"https://res-5.cloudinary.com/dk0z4ums3/image/upload/c_scale,h_500,w_500/v1/production/pharmacy/products/1660812039_coxiron_60_mg_10_tablet",
            "title" : "OBAT COXIRON",
            "deskripsi" : "Keterangan :\n Coxiron adalah obat yang mengandung Etoricoxib dan dikemas dalam bentuk sediaan tablet salut selaput. Coxiron digunakan untuk mengurangi nyeri dan bengkak pada sendi dan otot penderita osteoarthritis (sakit sendi), rematik, ankylosing spondylitis (inflamasi memengaruhi tulang belakang dan sendi-sendi besar) dan asam urat. Coxiron juga berguna untuk pengobatan nyeri sedang setelah operasi gigi dalam jangka pendek.\n\n Efek Samping :\n Efek samping penggunaan Coxiron yang mungkin terjadi adalah:\nKonstipasi (sembelit)\nDiar\nMual, muntah\nGastritis (peradangan pada lambung\nPerut kembung\nRefluks asam lambung\nGangguan irama jantung"
        }
    ]
}